"BehaviorSpace results (NetLogo 6.2.2)"
"dominance_despotism_energy.nlogo"
"sigmoid experiment"
"06/09/2023 13:55:56:660 -0400"
"min-pxcor","max-pxcor","min-pycor","max-pycor"
"-10","10","-10","10"
"[run number]","winning","resource-dist","assessment-info","assessment-who","function","[step]","ticks","sum [victory-counter] of victories","sum [avoid-counter] of fightsavoided","foraging-efficiency-time"
"8","deterministic","uniform","history","mutual","sigmoid","48606","48606","450","1051","0.7204686664197836"
"2","deterministic","uniform","history","mutual","sigmoid","46902","46902","450","993","0.7208455929384675"
"5","deterministic","uniform","history","mutual","sigmoid","49832","49832","450","1171","0.7201898378551934"
"6","deterministic","uniform","history","mutual","sigmoid","48919","48919","450","1131","0.7204296898955416"
"1","deterministic","uniform","history","mutual","sigmoid","48436","48436","450","1105","0.7206912214055662"
"9","deterministic","uniform","history","mutual","sigmoid","51643","51643","450","1199","0.7205235946788529"
"7","deterministic","uniform","history","mutual","sigmoid","50289","50289","450","1232","0.7200938575036291"
"3","deterministic","uniform","history","mutual","sigmoid","54002","54002","450","1403","0.7201770304803526"
"10","deterministic","uniform","history","mutual","sigmoid","49568","49568","450","1126","0.7203014041316977"
"4","deterministic","uniform","history","mutual","sigmoid","53439","53439","450","1309","0.720398959561369"
"11","deterministic","uniform","knowledge","mutual","sigmoid","58886","58886","450","1611","0.7206568624121183"
"14","deterministic","uniform","knowledge","mutual","sigmoid","59329","59329","450","1633","0.7201452915100542"
"16","deterministic","uniform","knowledge","mutual","sigmoid","59519","59519","450","1716","0.7199902552126213"
"13","deterministic","uniform","knowledge","mutual","sigmoid","63407","63407","450","1802","0.7200545681076223"
"21","deterministic","clumped","history","mutual","sigmoid","16229","16229","450","734","0.5215540082568243"
"22","deterministic","clumped","history","mutual","sigmoid","16080","16080","451","572","0.5242537313432836"
"24","deterministic","clumped","history","mutual","sigmoid","16152","16152","450","628","0.5265601783060921"
"23","deterministic","clumped","history","mutual","sigmoid","16100","16100","450","591","0.5295900621118012"
"26","deterministic","clumped","history","mutual","sigmoid","16109","16109","450","671","0.5106213917685766"
"25","deterministic","clumped","history","mutual","sigmoid","16089","16089","450","643","0.5238361613524768"
"27","deterministic","clumped","history","mutual","sigmoid","16107","16107","450","617","0.5275221953188055"
"28","deterministic","clumped","history","mutual","sigmoid","16162","16162","450","600","0.5217732953842347"
"29","deterministic","clumped","history","mutual","sigmoid","16057","16057","450","594","0.5251603661954287"
"15","deterministic","uniform","knowledge","mutual","sigmoid","78536","78536","450","2600","0.7199628195986554"
"12","deterministic","uniform","knowledge","mutual","sigmoid","77991","77991","450","2461","0.7203331153594645"
"31","deterministic","clumped","knowledge","mutual","sigmoid","16294","16294","450","763","0.5225359027863017"
"30","deterministic","clumped","history","mutual","sigmoid","16074","16074","450","637","0.5189747418190866"
"32","deterministic","clumped","knowledge","mutual","sigmoid","16293","16293","450","765","0.5428466212483889"
"33","deterministic","clumped","knowledge","mutual","sigmoid","16297","16297","450","780","0.5106890838804687"
"34","deterministic","clumped","knowledge","mutual","sigmoid","16186","16186","451","703","0.5248239219078216"
"35","deterministic","clumped","knowledge","mutual","sigmoid","16279","16279","451","774","0.5223785244793906"
"37","deterministic","clumped","knowledge","mutual","sigmoid","16237","16237","450","719","0.5380181067931268"
"36","deterministic","clumped","knowledge","mutual","sigmoid","16222","16222","450","710","0.5135248428060659"
"38","deterministic","clumped","knowledge","mutual","sigmoid","16195","16195","450","707","0.5241185551096017"
"39","deterministic","clumped","knowledge","mutual","sigmoid","16178","16178","452","710","0.49588329830634204"
"40","deterministic","clumped","knowledge","mutual","sigmoid","16268","16268","451","769","0.5189082862060487"
"19","deterministic","uniform","knowledge","mutual","sigmoid","62506","62506","451","1770","0.7203036508495185"
"20","deterministic","uniform","knowledge","mutual","sigmoid","63906","63906","450","1877","0.7202625731543205"
"18","deterministic","uniform","knowledge","mutual","sigmoid","65858","65858","450","2018","0.7201448571168272"
"17","deterministic","uniform","knowledge","mutual","sigmoid","72991","72991","450","2287","0.7198394322587718"
"43","probabilistic","uniform","history","mutual","sigmoid","46261","46261","450","987","0.7203000367480168"
"44","probabilistic","uniform","history","mutual","sigmoid","48563","48563","450","1065","0.7203117599818791"
"41","probabilistic","uniform","history","mutual","sigmoid","48770","48770","450","1173","0.7200922698380151"
"42","probabilistic","uniform","history","mutual","sigmoid","52616","52616","450","1305","0.7202238862703361"
"45","probabilistic","uniform","history","mutual","sigmoid","57424","57424","450","1534","0.7200125383115075"
"47","probabilistic","uniform","history","mutual","sigmoid","47723","47723","450","1075","0.7205980344907068"
"48","probabilistic","uniform","history","mutual","sigmoid","51671","51671","450","1221","0.7200344487236554"
"50","probabilistic","uniform","history","mutual","sigmoid","54179","54179","450","1431","0.720022517949759"
"46","probabilistic","uniform","history","mutual","sigmoid","60190","60190","450","1675","0.7206246884864596"
"49","probabilistic","uniform","history","mutual","sigmoid","53364","53364","450","1403","0.7202552282437599"
"61","probabilistic","clumped","history","mutual","sigmoid","16045","16045","451","557","0.5333312558429417"
"51","probabilistic","uniform","knowledge","mutual","sigmoid","56127","56127","450","1457","0.7203271152921055"
"62","probabilistic","clumped","history","mutual","sigmoid","16205","16205","450","717","0.5229373650107991"
"52","probabilistic","uniform","knowledge","mutual","sigmoid","60234","60234","450","1665","0.7203572733007935"
"63","probabilistic","clumped","history","mutual","sigmoid","16161","16161","450","632","0.5128395520079203"
"64","probabilistic","clumped","history","mutual","sigmoid","16219","16219","450","698","0.5232998335285777"
"65","probabilistic","clumped","history","mutual","sigmoid","16187","16187","450","698","0.5223080249582998"
"66","probabilistic","clumped","history","mutual","sigmoid","16130","16130","450","669","0.5172163670179789"
"67","probabilistic","clumped","history","mutual","sigmoid","16140","16140","450","639","0.5393122676579927"
"68","probabilistic","clumped","history","mutual","sigmoid","16166","16166","450","643","0.537090189286156"
"69","probabilistic","clumped","history","mutual","sigmoid","16127","16127","450","664","0.5110745953990203"
"70","probabilistic","clumped","history","mutual","sigmoid","16131","16131","450","661","0.5393094042526811"
"71","probabilistic","clumped","knowledge","mutual","sigmoid","16429","16429","451","868","0.53718424736746"
"56","probabilistic","uniform","knowledge","mutual","sigmoid","52226","52226","450","1224","0.7205817026002375"
"72","probabilistic","clumped","knowledge","mutual","sigmoid","16179","16179","450","702","0.5098151925335312"
"73","probabilistic","clumped","knowledge","mutual","sigmoid","16157","16157","450","714","0.5160425821625303"
"75","probabilistic","clumped","knowledge","mutual","sigmoid","16220","16220","450","796","0.5262762022194821"
"54","probabilistic","uniform","knowledge","mutual","sigmoid","60819","60819","450","1620","0.7207139216363307"
"74","probabilistic","clumped","knowledge","mutual","sigmoid","16219","16219","450","680","0.5350391516123068"
"53","probabilistic","uniform","knowledge","mutual","sigmoid","69887","69887","450","2127","0.7201968892640978"
"58","probabilistic","uniform","knowledge","mutual","sigmoid","53975","53975","450","1413","0.7205465493283928"
"77","probabilistic","clumped","knowledge","mutual","sigmoid","16210","16210","450","671","0.5343306600863664"
"76","probabilistic","clumped","knowledge","mutual","sigmoid","16143","16143","451","662","0.5223564393235458"
"78","probabilistic","clumped","knowledge","mutual","sigmoid","16166","16166","450","708","0.5167512062353088"
"79","probabilistic","clumped","knowledge","mutual","sigmoid","16176","16176","450","762","0.5113686943620179"
"55","probabilistic","uniform","knowledge","mutual","sigmoid","64322","64322","450","1824","0.720288548241659"
"80","probabilistic","clumped","knowledge","mutual","sigmoid","16213","16213","450","728","0.5327638314932461"
"59","probabilistic","uniform","knowledge","mutual","sigmoid","58154","58154","450","1614","0.7197630429549127"
"60","probabilistic","uniform","knowledge","mutual","sigmoid","61999","61999","450","1648","0.7205519443861997"
"57","probabilistic","uniform","knowledge","mutual","sigmoid","75875","75875","450","2470","0.7199789126853378"
"83","initiator","uniform","history","mutual","sigmoid","48237","48237","450","1145","0.7202894043991126"
"86","initiator","uniform","history","mutual","sigmoid","46862","46862","450","1100","0.7207417523793266"
"81","initiator","uniform","history","mutual","sigmoid","50939","50939","450","1248","0.7204420974106285"
"82","initiator","uniform","history","mutual","sigmoid","49954","49954","450","1200","0.720352724506546"
"84","initiator","uniform","history","mutual","sigmoid","48671","48671","450","1163","0.7201249203838015"
"88","initiator","uniform","history","mutual","sigmoid","47054","47054","450","1041","0.7205848599481447"
"87","initiator","uniform","history","mutual","sigmoid","50941","50941","450","1224","0.7201880606976698"
"85","initiator","uniform","history","mutual","sigmoid","48355","48355","450","1176","0.7200289525385173"
"90","initiator","uniform","history","mutual","sigmoid","51774","51774","450","1208","0.7202707922895664"
"89","initiator","uniform","history","mutual","sigmoid","54818","54818","450","1340","0.7203455069502718"
"94","initiator","uniform","knowledge","mutual","sigmoid","51110","51110","450","1362","0.7200645666210136"
"103","initiator","clumped","history","mutual","sigmoid","15993","15993","450","623","0.5132745576189582"
"101","initiator","clumped","history","mutual","sigmoid","15994","15994","451","625","0.5367575340752782"
"102","initiator","clumped","history","mutual","sigmoid","15959","15959","450","641","0.49958017419637823"
"105","initiator","clumped","history","mutual","sigmoid","15990","15990","450","618","0.5248342714196373"
"92","initiator","uniform","knowledge","mutual","sigmoid","62418","62418","450","1830","0.7202409561344484"
"104","initiator","clumped","history","mutual","sigmoid","15949","15949","451","603","0.524590883440968"
"95","initiator","uniform","knowledge","mutual","sigmoid","55344","55344","450","1345","0.7206960104076322"
"106","initiator","clumped","history","mutual","sigmoid","15989","15989","450","606","0.5036212396022266"
"107","initiator","clumped","history","mutual","sigmoid","16008","16008","450","629","0.5402548725637181"
"108","initiator","clumped","history","mutual","sigmoid","15977","15977","450","641","0.5091819490517618"
"109","initiator","clumped","history","mutual","sigmoid","16073","16073","450","655","0.5334785043240216"
"110","initiator","clumped","history","mutual","sigmoid","16016","16016","451","596","0.5080232267732268"
"111","initiator","clumped","knowledge","mutual","sigmoid","16058","16058","450","639","0.5389338647403163"
"93","initiator","uniform","knowledge","mutual","sigmoid","76316","76316","450","2419","0.7202722889040306"
"112","initiator","clumped","knowledge","mutual","sigmoid","16028","16028","450","593","0.5311579735462939"
"91","initiator","uniform","knowledge","mutual","sigmoid","84781","84781","450","2829","0.7202014602328352"
"114","initiator","clumped","knowledge","mutual","sigmoid","15972","15972","451","575","0.5226834460305534"
"113","initiator","clumped","knowledge","mutual","sigmoid","16029","16029","450","662","0.533308378563853"
"115","initiator","clumped","knowledge","mutual","sigmoid","16110","16110","450","710","0.5174425822470515"
"116","initiator","clumped","knowledge","mutual","sigmoid","16012","16012","450","692","0.5302523107669248"
"97","initiator","uniform","knowledge","mutual","sigmoid","50258","50258","450","1200","0.7204843010068048"
"98","initiator","uniform","knowledge","mutual","sigmoid","51159","51159","450","1207","0.7206161183760434"
"117","initiator","clumped","knowledge","mutual","sigmoid","16049","16049","450","718","0.5156146800423702"
"118","initiator","clumped","knowledge","mutual","sigmoid","15973","15973","450","672","0.5238089275652664"
"119","initiator","clumped","knowledge","mutual","sigmoid","16021","16021","450","661","0.5372573497284814"
"120","initiator","clumped","knowledge","mutual","sigmoid","16016","16016","450","650","0.5277722277722278"
"96","initiator","uniform","knowledge","mutual","sigmoid","74806","74806","450","2195","0.7203419511803866"
"100","initiator","uniform","knowledge","mutual","sigmoid","51307","51307","450","1194","0.7205585982419553"
"99","initiator","uniform","knowledge","mutual","sigmoid","59131","59131","450","1678","0.7198576043023118"
